Iteration,Runtime(ns)
0,22986900
1,5996800
2,395843200
3,25963900
4,16990100
5,17004600
6,15990800
7,17975500
8,51970600
9,61963700
10,53969300
11,51995800
12,64962100
13,50974100
14,54003800
15,61948300
16,50994700
17,61992600
18,52965300
19,61191600
20,52993700
21,78151000
22,44981500
23,46988100
24,52971300
25,63994100
26,52939100
27,74870800
28,42321400
29,49976600
30,77155400
31,28987000
32,58032200
33,76078200
34,35085500
35,52189400
36,75957300
37,35198400
38,52938200
39,72241900
40,33277600
41,52294900
42,84621300
43,35096600
44,53384700
45,74307200
46,31981600
47,54188100
48,80160300
49,36987500
50,52072300
51,73074600
52,38263000
53,55236400
54,79071400
55,37065400
56,46552800
57,80971200
58,35123700
59,53179400
60,77141400
61,31992300
62,60676100
63,74176100
64,37985900
65,52224000
66,79260400
67,39002900
68,52980200
69,77963400
70,36939000
71,51137400
72,75021900
73,42110500
74,52262700
75,74036100
76,42994600
77,51420100
78,73427800
79,44553700
80,52286500
81,72962700
82,44156200
83,52296300
84,78014200
85,39065000
86,53082800
87,77054600
88,41101900
89,52201100
90,75101700
91,40128700
92,52204800
93,77115700
94,39330000
95,53076300
96,75345700
97,37977000
98,53999100
99,75931700
100,39208200
101,52635400
102,77072300
103,37060800
104,52333100
105,77139500
106,38234600
107,53181300
108,76023500
109,36979200
110,53181700
111,77180100
112,36984200
113,52340600
114,78073500
115,36115600
116,54056500
117,75955900
118,36978200
119,51342700
120,75393700
121,39003900
122,52114300
123,75378800
124,39950500
125,53398700
126,74931900
127,39815100
128,55647800
129,78086100
130,37546000
131,52789400
132,79715700
133,38100600
134,53801800
135,79100300
136,37952300
137,51974900
138,77976400
139,40112800
140,53203700
141,78069300
142,40089500
143,53968300
144,78073500
145,41073000
146,54312600
147,76596900
148,40208400
149,54204000
150,77197800
151,42199600
152,54492200
153,78278800
154,41989200
155,54263200
156,77032600
157,38098300
158,54308000
159,77407300
160,39183500
161,54163300
162,76636600
163,40946500
164,53209200
165,81206800
166,39974700
167,52210400
168,84158500
169,35222100
170,54413000
171,76951500
172,39094300
173,53184100
174,76757400
175,39120500
176,52858500
177,78072500
178,37124200
179,52940100
180,79069100
181,36978600
182,53039500
183,77925600
184,37334200
185,54410500
186,79080800
187,36217300
188,54056500
189,76301600
190,38064700
191,54318700
192,75411500
193,38977700
194,52083500
195,76957600
196,38149600
197,53149100
198,76426200
199,37053800
200,52980200
201,75456200
202,36956700
203,52962500
204,79304200
205,35076200
206,52026600
207,78067900
208,35001500
209,53086100
210,77189000
211,37982100
212,51035700
213,76194800
214,37316400
215,54154500
216,77745500
217,36952100
218,54285100
219,73228100
220,39976600
221,52177300
222,76533000
223,37001100
224,53432200
225,77603300
226,36979100
227,52297200
228,75956800
229,36972600
230,53091300
231,75500100
232,38091800
233,53414500
234,74987000
235,38948300
236,52300500
237,76095800
238,37957000
239,53226100
240,77931700
241,37231500
242,51940700
243,76955700
244,40006900
245,51062800
246,77097100
247,39094300
248,52504800
249,76950600
250,38120700
251,53293300
252,75212700
253,39089700
254,52119500
255,76057100
256,38237800
257,53056300
258,77955000
259,36197200
260,53166800
261,76033800
262,38978200
263,51998200
264,76033800
265,38274700
266,53146300
267,76376700
268,37857600
269,52065400
270,75977300
271,39955200
272,52083000
273,76979500
274,37044400
275,53052100
276,79044300
277,35973800
278,52209000
279,76810600
280,39947700
281,52358800
282,76877700
283,39240400
284,52730200
285,76065100
286,40024600
287,52403600
288,76404700
289,61964600
290,29982600
291,76925800
292,39985500
293,53993000
294,77455400
295,36834900
296,56051900
297,74568900
298,40227100
299,54475400
300,75509900
301,39971900
302,54322000
303,76046900
304,40968400
305,53117300
306,78974000
307,40204700
308,54256100
309,76359500
310,40219600
311,54158700
312,75041100
313,41986400
314,54107800
315,76047300
316,41079900
317,55085200
318,76180400
319,40094100
320,54545400
321,76422900
322,40977800
323,53331500
324,77294900
325,39352800
326,54980200
327,75528100
328,39089700
329,53530700
330,76294700
331,38319900
332,54548700
333,75291100
334,39211000
335,54188500
336,75336400
337,40140300
338,53351600
339,75445000
340,40945600
341,54456300
342,76101500
343,38212100
344,54204900
345,74318400
346,40062400
347,55966500
348,73309300
349,38999200
350,51914200
351,76073900
352,39100000
353,52972700
354,76200900
355,38052100
356,53973000
357,75956900
358,38024600
359,54085900
360,75216900
361,38975900
362,53426200
363,74268900
364,41220400
365,53194300
366,74102400
367,40213100
368,54343400
369,74149500
370,39985000
371,54285100
372,74200400
373,40286300
374,52420400
375,76176600
376,39205400
377,53966000
378,73653100
379,40955800
380,53306800
381,75956400
382,39191900
383,53939800
384,74076700
385,38173500
386,52083500
387,76098200
388,38206600
389,53981800
390,75253400
391,38194400
392,52065800
393,75499600
394,38003200
395,52155400
396,76052000
397,39275900
398,54003800
399,75070900
400,37245000
401,53230300
402,76098200
403,38978700
404,52942800
405,75074700
406,38001300
407,54988100
408,75187600
409,37984900
410,53077300
411,75355500
412,38167800
413,53402900
414,76057600
415,38100700
416,54077000
417,74322600
418,38063800
419,56079300
420,73280400
421,37002400
422,54286500
423,75098500
424,40057700
425,54327100
426,76164500
427,39101800
428,53969700
429,75158200
430,38976300
431,53978100
432,74978600
433,39186700
434,53198600
435,76436400
436,39179800
437,53112700
438,75164200
439,39096200
440,53334300
441,75069100
442,38977700
443,53175200
444,77070500
445,37975100
446,52976500
447,75093300
448,39218900
449,52972800
450,77035500
451,38066100
452,54990900
453,74045100
454,39158700
455,53085600
456,75965800
457,39503500
458,53201800
459,75101700
460,41061200
461,53208400
462,75179100
463,40208000
464,53164500
465,77202500
466,39085000
467,52627100
468,76310400
469,39104700
470,54198300
471,75043400
472,42157600
473,51970200
474,75076000
475,40029300
476,54067200
477,74987000
478,41072900
479,54301900
480,75188000
481,41239500
482,54139900
483,73958300
484,42119300
485,54196000
486,76163600
487,41368700
488,54086300
489,75963900
490,42971200
491,49973900
492,77950800
493,37020200
494,53969700
495,76970100
496,36970800
497,53967800
498,77955900
499,36971700
500,52971300
501,76964600
502,36968800
503,53969800
504,76962700
505,35970900
506,52976900
507,76957100
508,38968400
509,51976700
510,75953200
511,39152600
512,55288600
513,72742000
514,39185400
515,53216700
516,75873400
517,38058200
518,53197600
519,76299700
520,38211200
521,51978100
522,77272000
523,38069900
524,53085200
525,76070700
526,37980300
527,52732900
528,76309100
529,39088800
530,53315100
531,76284400
532,37979800
533,55113200
534,74235400
535,42085300
536,54083000
537,74373000
538,42294800
539,52168900
540,75270100
541,39978000
542,54312100
543,77079400
544,39090600
545,53247500
546,76369300
547,42083000
548,52275200
549,76344100
550,41077600
551,54151700
552,75495400
553,39977500
554,53172900
555,76187300
556,39123300
557,53420600
558,74172800
559,40438900
560,54174100
561,78060000
562,36019900
563,54135800
564,76098700
565,39190900
566,52073300
567,76147200
568,36125800
569,53072100
570,75972700
571,37142900
572,53248900
573,74947800
574,37977500
575,51791000
576,78339400
577,37208200
578,53993000
579,77273900
580,36987500
581,52043400
582,76164500
583,37096200
584,55205600
585,76394900
586,36898900
587,53361800
588,75925100
589,37546400
590,54311700
591,75154900
592,36187400
593,53965500
594,75413800
595,37239000
596,54467500
597,76195300
598,36390300
599,53974400
600,74958500
601,38086200
602,53402400
603,74434100
604,38806500
605,55046500
606,73532700
607,40069500
608,53967800
609,75189400
610,40389900
611,74095900
612,54940100
613,40982000
614,53089300
615,76212100
616,38288600
617,52992400
618,76231100
619,37082700
620,53265800
621,76081800
622,37999000
623,52309800
624,75436700
625,36948800
626,53084700
627,76985500
628,37074800
629,52944200
630,75064400
631,39976100
632,52970900
633,77080300
634,38119300
635,52168400
636,76193900
637,40060500
638,51999100
639,76284400
640,38145400
641,54059300
642,75290200
643,38060500
644,52384900
645,77471700
646,38070800
647,53105700
648,77166100
649,38114700
650,52542100
651,76662700
652,37979900
653,52064800
654,77068600
655,37093400
656,52534200
657,78298400
658,38010600
659,53281100
660,76054400
661,39204000
662,53116000
663,76937000
664,38982400
665,52452100
666,77189000
667,38955300
668,53963200
669,76072100
670,39096200
671,53218100
672,75048100
673,43970100
674,48140800
675,74080000
676,42041500
677,51893600
678,76080500
679,40033500
680,53261500
681,76362800
682,40001800
683,53330500
684,76959900
685,41087400
686,53081400
687,76986100
688,39186200
689,53305400
690,77077500
691,41199300
692,53199000
693,77193200
694,41139600
695,54175500
696,76342700
697,43174600
698,53402400
699,77101300
700,43065000
701,52191300
702,76072100
703,42092800
704,55211200
705,76103800
706,42281700
707,53206000
708,76060900
709,43976100
710,51998200
711,76926300
712,41981700
713,53225600
714,76928600
715,41982200
716,53961800
717,75333100
718,42034500
719,52968000
720,78147700
721,39214800
722,56015400
723,72941200
724,39946700
725,52970400
726,77246400
727,40205100
728,53091300
729,76948700
730,40138000
731,54314000
732,75216500
733,40978700
734,53967300
735,76955700
736,43468600
737,52309800
738,78482200
739,40981900
740,53393600
741,77068100
742,40208500
743,53560100
744,77157200
745,40142200
746,53111300
747,78236800
748,40058200
749,52978800
750,76977200
751,40956300
752,53065100
753,76048700
754,39967700
755,54090100
756,76180800
757,38984700
758,54305600
759,77043000
760,39093900
761,54087700
762,75321000
763,42006000
764,53345000
765,75961000
766,43108000
767,52529500
768,76377700
769,40098300
770,53395400
771,75403100
772,41086000
773,52548200
774,79190400
775,37093400
776,54040200
777,76305800
778,40495300
779,55190700
780,75184300
781,41146100
782,54286000
783,77307500
784,40978700
785,54960600
786,76101500
787,42018100
788,53193900
789,76379100
790,43218500
791,53367400
792,77217400
793,42048000
794,54208600
795,76178900
796,42174900
797,53077200
798,77955000
799,43094900
800,52403600
801,77068500
802,41950100
803,55066500
804,75155300
805,42274300
806,53332900
807,77586900
808,41170400
809,53997700
810,76650600
811,40983400
812,53992100
813,76955200
814,41451800
815,53506400
816,77072800
817,42203300
818,53117400
819,76200400
820,42202400
821,54123700
822,77186100
823,39302000
824,54202500
825,76794800
826,40340400
827,52937800
828,75984800
829,41175100
830,53205100
831,77947100
832,41122800
833,53142600
834,76985500
835,41298800
836,52380700
837,75954500
838,41198900
839,54707300
840,75961100
841,40204200
842,52155400
843,78985600
844,39954600
845,53512100
846,77734300
847,40063800
848,54096600
849,76404800
850,39165700
851,53060000
852,77586900
853,41075300
854,51073500
855,77203800
856,38003100
857,54029500
858,77067600
859,35982600
860,55173900
861,77954100
862,33983900
863,52536600
864,77782400
865,34089900
866,53940300
867,76985100
868,33390600
869,53310500
870,76094500
871,35979300
872,52539800
873,78095000
874,34067000
875,53499400
876,76219600
877,35957800
878,52178700
879,76183200
880,36985600
881,53124800
882,74965000
883,35972900
884,52117100
885,78527500
886,35095200
887,53084700
888,76098700
889,36255500
890,53194800
891,75308400
892,37195600
893,52353200
894,75787000
895,36027800
896,52416700
897,77070000
898,34114100
899,53087500
900,75956400
901,35984500
902,53092100
903,76032500
904,34988900
905,53076300
906,76413100
907,36193000
908,52937800
909,77254200
910,34979100
911,52144200
912,76089800
913,35957500
914,53157000
915,76231600
916,34979600
917,52160900
918,74446700
919,35989200
920,51178400
921,76386100
922,36094100
923,52193600
924,76139300
925,34956700
926,52466100
927,76948200
928,34101100
929,52084500
930,76206000
931,34980500
932,73043800
933,55997300
934,34979600
935,51972000
936,77000900
937,34978700
938,52970400
939,76418200
940,35105100
941,53264300
942,75985800
943,34191600
944,53266200
945,75058700
946,35971900
947,53111800
948,75503400
949,36984700
950,52319600
951,75300400
952,36981900
953,52189500
954,76031000
955,35993800
956,52654600
957,77361500
958,35095300
959,52019200
960,77067200
961,34963200
962,52614000
963,77550000
964,34950700
965,53097700
966,76179900
967,35950900
968,52500600
969,76098700
970,36039100
971,54317700
972,75406800
973,36005000
974,52181100
975,76963200
976,36001700
977,54053700
978,77668100
979,36172000
980,52964400
981,78153700
982,35958800
983,54042500
984,78136100
985,35971800
986,54438600
987,76308600
988,37017400
989,53309100
990,77275300
991,38118400
992,54063000
993,77985800
994,40061500
995,53044100
996,76955700
997,38008700
998,53622600
999,76986100
1000,36956200
1001,53190200
1002,76070700
1003,39203500
1004,53275000
1005,76186000
1006,37976500
1007,52379700
1008,77465200
1009,36947800
1010,52117600
1011,76630600
1012,37947100
1013,55095500
1014,74526000
1015,38056800
1016,53093600
1017,77206200
1018,37278100
1019,52863200
1020,77342900
1021,37033200
1022,53347400
1023,76158400
1024,36186900
1025,53116400
1026,77413800
1027,36957200
1028,52192200
1029,76442500
1030,37056100
1031,52991000
1032,76926300
1033,38984200
1034,53086200
1035,77200100
1036,36953000
1037,53187300
1038,77299600
1039,37218900
1040,54272900
1041,78186900
1042,36093700
1043,52976900
1044,78281600
1045,36308700
1046,53311400
1047,77070500
1048,37955600
1049,52086300
1050,78325000
1051,37155900
1052,53119200
1053,75945700
1054,40169200
1055,52998900
1056,76454600
1057,40098400
1058,53965500
1059,76241900
1060,40091800
1061,52941500
1062,76169100
1063,40089000
1064,53250400
1065,77152500
1066,40231800
1067,54090500
1068,77209100
1069,41233900
1070,54130200
1071,76057600
1072,43975200
1073,53070200
1074,77072400
1075,43062700
1076,53517600
1077,77043400
1078,42954000
1079,53042700
1080,78187300
1081,43326300
1082,53407600
1083,77288300
1084,43142500
1085,53089800
1086,78102000
1087,44294300
1088,52081600
1089,76081000
1090,45158300
1091,54416200
1092,77190400
1093,43086000
1094,53305400
1095,78929600
1096,39257100
1097,53199000
1098,77215100
1099,42058300
1100,54309800
1101,76576400
1102,41913100
1103,53977700
1104,77559400
1105,41174100
1106,53994000
1107,76926700
1108,41105200
1109,53540500
1110,77302800
1111,41454000
1112,53174800
1113,77984400
1114,41978400
1115,53052100
1116,80254500
1117,41950500
1118,54151700
1119,77095600
1120,41976600
1121,55118300
1122,78431800
1123,41164400
1124,54182900
1125,77300500
1126,41976100
1127,54454000
1128,77325600
1129,41184000
1130,55198600
1131,77405400
1132,41092100
1133,53491900
1134,77289300
1135,41097700
1136,52307900
1137,77711900
1138,40020900
1139,52417100
1140,78216800
1141,39088300
1142,52966600
1143,78048400
1144,38974000
1145,53968300
1146,75956800
1147,40080600
1148,52969500
1149,77069500
1150,39007200
1151,53042200
1152,77402200
1153,38993600
1154,52196900
1155,77152100
1156,39993800
1157,53939000
1158,76101000
1159,40317600
1160,54069500
1161,76172900
1162,40006000
1163,53299700
1164,77535600
1165,40177200
1166,52086400
1167,76984100
1168,39947700
1169,53181300
1170,75955900
1171,42090400
1172,52971800
1173,76982300
1174,38975400
1175,53940800
1176,77216000
1177,40180000
1178,52973700
1179,75136700
1180,42312000
1181,52132000
1182,75963400
1183,41975700
1184,53166800
1185,77098900
1186,39175600
1187,54138600
1188,76071600
1189,41113500
1190,54031300
1191,75425000
1192,41063200
1193,53315600
1194,77449700
1195,40038700
1196,52109200
1197,77162800
1198,39126600
1199,54032200
1200,77557000
1201,37299200
1202,53969700
1203,76191100
1204,39155500
1205,53264300
1206,76335200
1207,38667900
1208,53295200
1209,76955200
1210,39340200
1211,52809000
1212,77538900
1213,40151500
1214,53573600
1215,75116600
1216,39092600
1217,52975000
1218,77077000
1219,37966300
1220,53325400
1221,76979100
1222,36980000
1223,54286000
1224,75296300
1225,38023200
1226,53049700
1227,76303500
1228,37086000
1229,53189200
1230,76671600
1231,36980900
1232,52155400
1233,77075600
1234,37718600
1235,54064400
1236,77067700
1237,35985400
1238,52295800
1239,76499400
1240,37065900
1241,57055300
1242,73275300
1243,34241000
1244,52968600
1245,76594100
1246,36117900
1247,53054400
1248,75170300
1249,36377700
1250,51454700
1251,76268500
1252,37099000
1253,76281100
1254,53998600
1255,34182300
1256,53249800
1257,76564300
1258,35192800
1259,55055300
1260,77098000
1261,35979300
1262,55103400
1263,74184100
1264,37216100
1265,53083700
1266,76070700
1267,38976800
1268,54134400
1269,75121300
1270,38986200
1271,51970100
1272,80256400
1273,36209400
1274,53567600
1275,76049600
1276,39360800
1277,53771400
1278,75976500
1279,36951100
1280,52299500
1281,77182900
1282,38091800
1283,53081900
1284,77160500
1285,38043300
1286,53457000
1287,76221900
1288,35878100
1289,53251200
1290,82138400
1291,32236800
1292,52940600
1293,77466100
1294,37531000
1295,54174000
1296,76303100
1297,35744200
1298,55089400
1299,75952200
1300,36116900
1301,53923600
1302,76503100
1303,38208900
1304,53415000
1305,75076100
1306,36973900
1307,53988900
1308,76935600
1309,35100900
1310,53751400
1311,77206700
1312,36183200
1313,53311900
1314,77041500
1315,34987500
1316,53080100
1317,77984800
1318,34958100
1319,53184100
1320,76397700
1321,34175300
1322,55545600
1323,74951500
1324,35987800
1325,53021200
1326,77122300
1327,33092000
1328,52961500
1329,77364400
1330,34156600
1331,52475900
1332,78964100
1333,32097800
1334,52085400
1335,75421300
1336,36115600
1337,53167700
1338,75954500
1339,34983800
1340,51343600
1341,77183300
1342,34955800
1343,53039900
1344,79486200
1345,32123900
1346,52119500
1347,76095400
1348,36064700
1349,53195800
1350,77096100
1351,35957400
1352,53188300
1353,76515300
1354,37155400
1355,51082900
1356,77365700
1357,36101100
1358,51965100
1359,76178000
1360,37002500
1361,52785600
1362,77025200
1363,36564000
1364,53200400
1365,74682200
1366,37054700
1367,53159400
1368,76189200
1369,37091500
1370,53460800
1371,75936300
1372,37311700
1373,53200000
1374,77145600
1375,37029000
1376,52538400
1377,76319800
1378,39092000
1379,52843100
1380,77662900
1381,37122900
1382,53123800
1383,76147200
1384,39116800
1385,53089800
1386,78437400
1387,40091400
1388,53083800
1389,76068800
1390,39981200
1391,54224000
1392,76290900
1393,39195100
1394,53318900
1395,75956400
1396,40100700
1397,53990200
1398,80347900
1399,35980700
1400,52338700
1401,78165500
1402,38724800
1403,54415300
1404,76417800
1405,38973000
1406,54071900
1407,76179900
1408,39263200
1409,53200900
1410,77021500
1411,38170200
1412,52547200
1413,77388700
1414,37100400
1415,53055300
1416,80069300
1417,34062400
1418,52987200
1419,77113800
1420,37061300
1421,52085800
1422,76955700
1423,39229700
1424,53054400
1425,75963300
1426,38999700
1427,51939400
1428,77219300
1429,36948800
1430,53086500
1431,76562000
1432,36077800
1433,52285000
1434,77963900
1435,35980300
1436,53297000
1437,75404400
1438,39191400
1439,51284900
1440,78039400
1441,37095800
1442,52225800
1443,75926500
1444,39098100
1445,52277200
1446,77957300
1447,37978900
1448,53381900
1449,75095600
1450,39181200
1451,53454600
1452,76646900
1453,39169900
1454,53200400
1455,76075800
1456,40968900
1457,53451000
1458,75011600
1459,40975900
1460,53097300
1461,74948700
1462,40983800
1463,53134200
1464,77215100
1465,41092000
1466,51949700
1467,75217800
1468,40204700
1469,53172900
1470,75852800
1471,39980800
1472,53244200
1473,76389800
1474,40063400
1475,53299300
1476,76956200
1477,38999200
1478,53508700
1479,75192300
1480,40111800
1481,52529600
1482,78387400
1483,39977100
1484,51313300
1485,75925100
1486,42119400
1487,53448100
1488,75069500
1489,40081600
1490,53369200
1491,77371000
1492,38052600
1493,54032700
1494,75070900
1495,39067300
1496,54424600
1497,79982000
1498,33950400
1499,52080300
1500,76955200
1501,37998500
1502,51254500
1503,78091300
1504,39136800
1505,53939400
1506,75963800
1507,39077600
1508,51656200
1509,78572300
1510,40341800
1511,50943400
1512,78376200
1513,40097900
1514,54428300
1515,75184800
1516,39200300
1517,53568500
1518,77161000
1519,40158000
1520,53413200
1521,77065300
1522,40971200
1523,54316400
1524,76207800
1525,39946300
1526,53968800
1527,76520400
1528,41977000
1529,52341600
1530,77471200
1531,42200500
1532,54196500
1533,74405100
1534,42359200
1535,53116400
1536,77160500
1537,42337200
1538,52280500
1539,77955900
1540,39978000
1541,53975800
1542,77202400
1543,40976900
1544,53537700
1545,77473100
1546,41177400
1547,52947500
1548,78269500
1549,40207000
1550,54061200
1551,76185400
1552,40233200
1553,53454200
1554,76368800
1555,41184400
1556,53063300
1557,77194500
1558,40068100
1559,54025200
1560,75924700
1561,41101300
1562,53202800
1563,76754100
1564,40354000
1565,52009900
1566,78093500
1567,36979600
1568,54086300
1569,75205300
1570,42255100
1571,54427000
1572,77269600
1573,40174900
1574,75526200
1575,55935700
1576,39044000
1577,53959400
1578,77233800
1579,39075200
1580,54602800
1581,75951300
1582,40982900
1583,53080600
1584,77305100
1585,38002200
1586,54939600
1587,75417600
1588,39967700
1589,54209500
1590,76657100
1591,39642600
1592,52091900
1593,78268000
1594,37975700
1595,53967400
1596,76180300
1597,38957700
1598,53423400
1599,76816600
1600,38006000
1601,52188500
1602,77356900
1603,37004800
1604,54240300
1605,76274100
1606,36978600
1607,53186000
1608,77158100
1609,39087900
1610,52383900
1611,76815800
1612,39202100
1613,52112500
1614,77413800
1615,40973600
1616,52111500
1617,76615600
1618,40979100
1619,51112200
1620,78297000
1621,37955600
1622,52085800
1623,75955500
1624,39948600
1625,51968700
1626,77363900
1627,39002500
1628,52510900
1629,77176300
1630,37967700
1631,53215800
1632,76179900
1633,38980500
1634,52965300
1635,76103800
1636,39091600
1637,54502000
1638,78956200
1639,35002400
1640,52942400
1641,78961300
1642,34971200
1643,54968100
1644,76982800
1645,34980000
1646,53966900
1647,75957800
1648,35985900
1649,51992600
1650,80954800
1651,33951300
1652,53975300
1653,79954100
1654,33979800
1655,50966600
1656,79947000
1657,34987500
1658,52968100
1659,81949500
1660,30979500
1661,52968500
1662,80962300
1663,33977900
1664,51964600
1665,78956200
1666,33972800
1667,52975100
1668,78958500
1669,33976500
1670,51973500
1671,79948000
1672,34985600
1673,51967900
1674,79949400
1675,34012400
1676,52938700
1677,78983300
1678,33958800
1679,51960800
1680,74960300
1681,38092800
1682,53088900
1683,76014700
1684,38972600
1685,52454400
1686,75927000
1687,39975600
1688,52140000
1689,76133700
1690,38977300
1691,53199900
1692,75144100
1693,39199400
1694,54089600
1695,75623300
1696,37090100
1697,53059100
1698,76184500
1699,38100200
1700,54080300
1701,76072100
1702,35974200
1703,53094900
1704,77299600
1705,33979800
1706,54036900
1707,75014000
1708,35146500
1709,52218400
1710,78243800
1711,34074500
1712,52408200
1713,76952400
1714,35320600
1715,51456100
1716,76073900
1717,35063600
1718,51182200
1719,77176400
1720,34981400
1721,52283200
1722,76214900
1723,33950800
1724,53426200
1725,74284800
1726,35009900
1727,53090800
1728,76071600
1729,36101100
1730,53222800
1731,75955000
1732,36402500
1733,52321000
1734,77299500
1735,36884400
1736,53013400
1737,78086500
1738,36090900
1739,53280600
1740,75309800
1741,38316700
1742,52415700
1743,76955700
1744,37503000
1745,53378100
1746,78130000
1747,38976300
1748,53294700
1749,77090500
1750,39975200
1751,54169800
1752,76079100
1753,41967300
1754,53327800
1755,77178200
1756,40020900
1757,54097100
1758,77067200
1759,40089400
1760,53960900
1761,76287200
1762,40218700
1763,53435500
1764,77416600
1765,40966600
1766,53122000
1767,78266700
1768,40006400
1769,53039500
1770,76188700
1771,42087600
1772,54181500
1773,77036400
1774,41097200
1775,54080800
1776,77389500
1777,39295500
1778,54423200
1779,78212000
1780,41297400
1781,52784700
1782,75634000
1783,42556000
1784,54071400
1785,77301900
1786,40658200
1787,53052500
1788,75859800
1789,40977300
1790,53970700
1791,75983900
1792,41950000
1793,53084200
1794,77165200
1795,40083400
1796,52146000
1797,77501100
1798,40081100
1799,52259900
1800,77411000
1801,40197300
1802,53317000
1803,77292100
1804,39206800
1805,52213200
1806,77201100
1807,38978700
1808,53970600
1809,77039700
1810,37007100
1811,53171000
1812,76962700
1813,37087300
1814,53116000
1815,76934200
1816,38085300
1817,54455400
1818,74477000
1819,37287500
1820,52148400
1821,77666200
1822,38414200
1823,53206000
1824,77211800
1825,39948100
1826,51969700
1827,76276000
1828,41365400
1829,53077800
1830,78265700
1831,38102500
1832,52010300
1833,77192700
1834,41199800
1835,52968500
1836,76101500
1837,41223200
1838,52322800
1839,77946200
1840,40120700
1841,53397800
1842,76956600
1843,41980800
1844,54011200
1845,75951300
1846,42141300
1847,53344000
1848,78937100
1849,42434300
1850,52896200
1851,78986000
1852,40946100
1853,54312600
1854,76978500
1855,42879800
1856,53283000
1857,76974800
1858,41319300
1859,52706400
1860,81106400
1861,36987000
1862,54145200
1863,76259600
1864,39696200
1865,53536800
1866,78588500
1867,37981700
1868,53171500
1869,77983900
1870,37254900
1871,52739400
1872,77040600
1873,39121000
1874,53065100
1875,78647800
1876,36948800
1877,53396800
1878,77074200
1879,38969400
1880,53413100
1881,77182900
1882,40089900
1883,53179900
1884,78321700
1885,38320400
1886,54290700
1887,75098000
1888,40135200
1889,53074900
1890,76146200
1891,39978000
1892,52347600
1893,78182700
1894,38368000
1895,75287300
1896,53039500
1897,38949200
1898,53082900
1899,77198300
1900,37955100
1901,52963900
1902,78326300
1903,37090200
1904,54168000
1905,77025200
1906,38953900
1907,52335500
1908,77361100
1909,38327400
1910,52426400
1911,76190100
1912,39551100
1913,52257600
1914,77215100
1915,38269500
1916,50428300
1917,76990700
1918,38203300
1919,52060600
1920,77180600
1921,37065000
1922,52171700
1923,77325200
1924,36949700
1925,52577600
1926,79376500
1927,35987700
1928,53146300
1929,76965500
1930,36963700
1931,53115100
1932,76033800
1933,34974000
1934,53101500
1935,77161400
1936,34979100
1937,53181300
1938,76058100
1939,36084800
1940,53036100
1941,76081000
1942,35963900
1943,54089200
1944,74952400
1945,33101800
1946,54411000
1947,75195000
1948,35958400
1949,54197400
1950,73950300
1951,36102900
1952,54129300
1953,75956900
1954,35238000
1955,53944000
1956,76428600
1957,35948500
1958,53637600
1959,76893600
1960,36995900
1961,52129700
1962,77070500
1963,37137300
1964,54125000
1965,76304500
1966,37167600
1967,53509700
1968,77074200
1969,35980200
1970,52972300
1971,77981600
1972,36216800
1973,54201600
1974,78069300
1975,36009200
1976,53169600
1977,77091000
1978,36991300
1979,54108700
1980,77169800
1981,37176000
1982,53508300
1983,77287000
1984,39117200
1985,52941000
1986,79078900
1987,37065000
1988,54081200
1989,75957300
1990,39208700
1991,53972900
1992,76981400
1993,38950700
1994,53085600
1995,79336400
1996,35983100
1997,53289000
1998,77060700
1999,37206800
2000,54569600
2001,75940600
2002,37078900
2003,54020600
2004,78068800
2005,35124700
2006,52947100
2007,78213500
2008,35950900
2009,54550000
2010,75963900
2011,35957400
2012,54083500
2013,77961100
2014,36972600
2015,54203500
2016,76545100
2017,37962100
2018,52208100
2019,76411700
2020,36747700
2021,54968600
2022,75985800
2023,34950600
2024,53973000
2025,75390900
2026,36323200
2027,54197900
2028,75539300
2029,36312900
2030,53199500
2031,77256600
2032,37094800
2033,53081000
2034,76402400
2035,38207900
2036,53313300
2037,76219100
2038,38168700
2039,53938000
2040,76202700
2041,40344200
2042,50969500
2043,75155400
2044,40468700
2045,52319600
2046,76396300
2047,38984300
2048,53304900
2049,76553100
2050,39168500
2051,52529600
2052,74957500
2053,39990100
2054,52425100
2055,75868700
2056,38214500
2057,52968100
2058,76433200
2059,38954400
2060,52197300
2061,76931900
2062,38443600
2063,54313500
2064,76102500
2065,37974200
2066,53017000
2067,76296100
2068,40132400
2069,52092400
2070,77090900
2071,37977100
2072,53436000
2073,78080000
2074,37975600
2075,52167100
2076,76043600
2077,40075000
2078,54247300
2079,73195000
2080,39079900
2081,52969000
2082,77100800
2083,39954600
2084,53101000
2085,76925400
2086,40090000
2087,52972700
2088,75898500
2089,39983600
2090,54218400
2091,75269700
2092,37982600
2093,53092200
2094,77215000
2095,40097000
2096,52133900
2097,77092400
2098,38979600
2099,53078600
2100,77075200
2101,40083800
2102,53110900
2103,76925300
2104,39098600
2105,53217200
2106,76209300
2107,39947600
2108,52134400
2109,78097800
2110,39946700
2111,52315800
2112,76173800
2113,40098900
2114,54284100
2115,75514600
2116,40180400
2117,52234700
2118,78015200
2119,39369200
2120,52970800
2121,76954800
2122,40006900
2123,52310700
2124,76417400
2125,39178800
2126,53464400
2127,77274800
2128,40946500
2129,53557800
2130,77199700
2131,42097000
2132,52185700
2133,77183800
2134,41981700
2135,51963200
2136,77441300
2137,41175600
2138,54188100
2139,76070600
2140,42550500
2141,53053000
2142,77091400
2143,41567500
2144,53968300
2145,78139300
2146,40315700
2147,53182200
2148,76310500
2149,43387900
2150,52318200
2151,77549600
2152,38947400
2153,51143000
2154,77422700
2155,40946000
2156,52001400
2157,78040900
2158,40976300
2159,52316800
2160,76530200
2161,39006200
2162,55013800
2163,77711000
2164,40060600
2165,53316100
2166,77036400
2167,41210600
2168,52237900
2169,91337900
2170,27960200
2171,52424100
2172,76208300
2173,42068500
2174,53199900
2175,75844000
2176,42058200
2177,53094500
2178,74520900
2179,42121700
2180,53630500
2181,77163800
2182,40117000
2183,53408000
2184,88202800
2185,44077000
